Feature/Button Name,Location,User Action,API Call,Request Parameters,Backend Response Structure,Database Queries,Calculations Performed,Layers Accessed,Statistics Displayed,Calculation Method,Verification Status
"Impact Matrix - Climate Toggle","src/components/impact-matrix/ImpactMatrix.tsx:120","Click climate button (Present/Future)","None","N/A","N/A","N/A","Updates selectedClimate state","No calculation","No layers accessed","No stats displayed","State update","✅ VERIFIED"
"Impact Matrix - View Switcher","src/components/impact-matrix/ImpactMatrix.tsx:67","Select view (summary/detail/compare)","None","N/A","N/A","N/A","Updates currentView state","No calculation","No layers accessed","No stats displayed","State update","✅ VERIFIED"
"Depth Threshold Slider","src/components/impact-matrix/components/DepthThresholdSlider.tsx:27","Drag slider to set minimum flood depth (0-5m)","None","N/A","N/A","N/A","Updates depthThreshold state","Filters scenarios by depth","No layers directly","Updates heatmap and detail views","State update + filter","✅ VERIFIED"
"Summary Heatmap - Scenario Cell Click","src/components/impact-matrix/views/SummaryHeatmapView.tsx:98","Click scenario cell to view details","None","N/A","N/A","N/A","Updates selectedScenario state","No calculation","No layers accessed","Displays affected count (0-9)","State update","✅ VERIFIED"
"Summary Heatmap - Affected Count Display","src/components/impact-matrix/views/SummaryHeatmapView.tsx:67","View heatmap cell","None","N/A","N/A","N/A","Displays totalAffectedExposures","Count of exposures with affectedFeatures > depthThreshold","No layers","0-9 exposure types affected","Direct count from API","✅ VERIFIED"
"Scenario Matrix - Color Coding","src/components/impact-matrix/views/SummaryHeatmapView.tsx:12","View heatmap cell background color","None","N/A","N/A","N/A","No calculation","No layers accessed","No stats","Color based on return period intensity","HSL color mapping","✅ VERIFIED"
"Detail View - Back to Summary","src/components/impact-matrix/views/DetailedBreakdownView.tsx:154","Click back button","None","N/A","N/A","N/A","Updates currentView to summary","No calculation","No layers accessed","No stats","State update","✅ VERIFIED"
"Detail View - Refresh Button","src/components/impact-matrix/views/DetailedBreakdownView.tsx:218","Click refresh icon","useImpactData hook refetch","climate: present|future","{success: true, data: {climate, summaries[], metadata: {lastUpdated, totalScenarios}}}","SELECT FROM impact_summary_matview LEFT JOIN population_stats WHERE climate = $1","No frontend calc","No layers","Re-fetches all scenario data","API refetch","✅ VERIFIED"
"Detail View - Toggle All Layers","src/components/impact-matrix/views/DetailedBreakdownView.tsx:194","Click 'Toggle All' button","None","N/A","N/A","N/A","Toggles visibility for all 9 exposure layers","No calculation","Yes - impact layers for selected scenario","No stats","Calls handleLayerToggle for each layer","✅ VERIFIED"
"Detail View - Layer Toggle (Individual)","src/components/impact-matrix/views/DetailedBreakdownView.tsx:178","Click layer visibility toggle","None","N/A","N/A","N/A","Toggles single layer on/off","No calculation","Yes - individual impact layer","No stats","Layer name from geoserverLayer property","✅ VERIFIED"
"Detail View - Population Card","src/components/impact-matrix/views/DetailedBreakdownView.tsx:133","View population summary card","None","N/A","N/A","N/A","Displays: total, affected, percentage","populationImpact.affectedPopulation / populationImpact.totalPopulation * 100","No layers","Total: 262,993 (example)","% calculation from API data","✅ VERIFIED"
"Detail View - Infrastructure Card","src/components/impact-matrix/views/DetailedBreakdownView.tsx:140","View infrastructure summary card","None","N/A","N/A","N/A","Displays: average % of Roads, Railways, Electric Grid, Telecom","(sum of affectedFeatures) / (sum of totalFeatures) * 100 for 4 layers","No layers","Infrastructure Impact %","Averaging 4 layer percentages","✅ VERIFIED"
"Detail View - Ag/Buildings Card","src/components/impact-matrix/views/DetailedBreakdownView.tsx:152","View agriculture/buildings summary card","None","N/A","N/A","N/A","Displays: average % of Cropped Area, Buildings","(sum of affectedFeatures) / (sum of totalFeatures) * 100 for 2 layers","No layers","Ag & Buildings Impact %","Averaging 2 layer percentages","✅ VERIFIED"
"Detail View - Severity Card","src/components/impact-matrix/views/DetailedBreakdownView.tsx:164","View overall severity card","None","N/A","N/A","N/A","Displays: severity level (Low/Medium/High/Extreme)","Count of layers with affectedFeatures > 0","No layers","Severity: Low/Medium/High/Extreme","Based on affectedLayersCount: 0-2=low, 3-5=medium, 6-7=high, 8-9=extreme","✅ VERIFIED"
"Detail View - Sort Selector","src/components/impact-matrix/views/DetailedBreakdownView.tsx:88","Select sort option (name/affected/depth)","None","N/A","N/A","N/A","Reorders exposure layers array","No calculation","No layers","No stats","Array sort with comparison function","✅ VERIFIED"
"ExposureRow - Layer Row","src/components/impact-matrix/components/ExposureRow.tsx","View exposure layer row","None","N/A","N/A","N/A","Displays layer name, affected/total, %, max depth bin","affectedFeatures / totalFeatures * 100","No layers","Affected: X of Total (Y%)","Percentage calculation","✅ VERIFIED"
"ExposureRow - Layer Toggle","src/components/impact-matrix/components/ExposureRow.tsx","Click layer toggle button","None","N/A","N/A","N/A","Toggles layer visibility","No calculation","Yes - impact layer","No stats","Calls onLayerToggle callback","✅ VERIFIED"
"ExposureRow - Depth Distribution Chart","src/components/impact-matrix/components/DepthDistributionChart.tsx","View depth distribution bar chart","None","N/A","N/A","N/A","Displays horizontal bar chart with depth bins","No calculation","No layers","Depth percentages by bin (15-100cm, 1-2m, 2-3m, 3-4m, 4-5m, above5m)","Data from API depthBins array","✅ VERIFIED"
"DepthDistributionChart - Bar Rendering","src/components/impact-matrix/components/DepthDistributionChart.tsx","View chart bars","None","N/A","N/A","N/A","Renders bars with width % and color gradient","No calculation","No layers","Depth bin % with color scale","Bar width = percentage * 100%","✅ VERIFIED"
"ImpactCell - Heatmap Cell","src/components/impact-matrix/components/ImpactCell.tsx","View impact cell","None","N/A","N/A","N/A","Displays affected count with colored background","No calculation","No layers","Affected: X (Y types)","Displays totalAffectedExposures","✅ VERIFIED"
"ImpactData Hook - Fetch Data","src/components/impact-matrix/hooks/useImpactData.ts:45","Auto-fetch on mount/query change","GET /api/impact/summary","climate={present|future}&maintenance={breaches|redcapacity|perfect}&returnPeriod={2.3|5|10|25|50|100|500}","{success: true, data: {climate, summaries: [{scenarioId, climate, maintenance, returnPeriod, totalAffectedExposures, severity, impacts: {}, populationImpact: {}}], metadata: {lastUpdated, totalScenarios}}}","SELECT m.*, p.* FROM impact_summary_matview m LEFT JOIN impact.population_stats p ON m.climate = p.climate AND m.maintenance = p.maintenance AND m.return_period = p.return_period WHERE m.climate = $1 ORDER BY m.return_period_num, m.maintenance, m.exposure_type","Group by scenario, calculate severity, build layer names","No layers","42 scenarios (present or future)","Materialized view + population stats JOIN","✅ VERIFIED"
"ImpactData Hook - Auto-Refresh","src/components/impact-matrix/hooks/useImpactData.ts:96","Auto-refresh at interval","GET /api/impact/summary","Same as above","Same as above","Same as above","Same as above","No layers","Same as above","setInterval with refetchInterval","✅ VERIFIED"
"API Endpoint - GET /api/impact/summary","api/impact-summary.mjs:331","Frontend requests impact data","N/A (receives request)","Query string: climate, maintenance, returnPeriod, depthThreshold","Returns ImpactMatrixData JSON","See above","See above + processResults()","See above","No layers","Climate-specific scenarios","Cached responses (5-min TTL)","✅ VERIFIED"
"API - Cache Check","api/impact-summary.mjs:349","Check cache before DB query","None","N/A","N/A","N/A","cache.has(cacheKey)","No calculation","No layers","No stats","Map.has() check","✅ VERIFIED"
"API - Cache Set","api/impact-summary.mjs:435","Store response in cache","None","N/A","N/A","N/A","cache.set(cacheKey, response)","No calculation","No layers","No stats","Map.set() with expiry","✅ VERIFIED"
"API - processResults()","api/impact-summary.mjs:462","Process DB rows into scenarios","N/A","N/A","N/A","N/A","1) Build scenarioId, 2) Get geometry-based affected features, 3) Calculate depth bin %, 4) Calculate severity, 5) Build layer names","No layers","Scenario summaries","Multi-step calculation","✅ VERIFIED"
"API - getTotalFeatureCounts()","api/impact-summary.mjs:147","Get true totals from Exposure_InputData","None","N/A","N/A","N/A","N/A","Electric_Grid: SUM(ST_Length(geom)), Built_up_Area: SUM(ST_Area(geom)), Cropped_Area: SUM(ST_Area(geom)), Others: COUNT(*)","No layers","Total counts for each exposure type","Geometry-based aggregates","✅ VERIFIED"
"API - getAffectedMeasurement()","api/impact-summary.mjs:210","Get geometry-based affected measurement","None","N/A","N/A","N/A","Electric_Grid: SUM(ST_Length(geom)) WHERE depth_bin IS NOT NULL, Built_up_Area/Cropped_Area: SUM(ST_Area(geom)) WHERE depth_bin IS NOT NULL","No layers","Affected length/area in meters/sq meters","Geometry-specific queries","✅ VERIFIED"
"API - getZonalLayerAreaPercentages()","api/impact-summary.mjs:260","Get area % for zonal layers by depth bin","None","N/A","N/A","N/A","SELECT depth_bin, ST_Area(geom)/10000 as area_hectares FROM {table} ORDER BY depth_bin, then calculate % by bin","No layers","Area % by depth bin (15-100cm, 1-2m, etc)","Area distribution calculation","✅ VERIFIED"
"API - calculateSeverityFromExposures()","api/impact-summary.mjs:606","Calculate severity level","None","N/A","N/A","N/A","N/A","0-2 affected = low, 3-5 = medium, 6-7 = high, 8-9 = extreme","No layers","Severity level","Conditional logic","✅ VERIFIED"
"API - Layer Name Generation","api/impact-summary.mjs:561","Build GeoServer layer name","None","N/A","N/A","N/A","replace('2.3', '23') for decimal workaround","No layers","Layer name format: T3_{rp}yrs_{Climate}_{Maintenance}_Impacted_{LayerType}","String replacement","✅ VERIFIED"
"API - Depth Bin % Calculation","api/impact-summary.mjs:529","Calculate depth bin percentages","None","N/A","N/A","N/A","For zonal: use area % from DB, For others: (bin.count / totalAffected) * 100","No layers","Depth distribution %","Division + multiplication","✅ VERIFIED"
"API - Population Depth Bin %","api/impact-summary.mjs:577","Calculate population depth bin percentages","None","N/A","N/A","N/A","(bin.population / totalPop) * 100","No layers","Population % by depth bin","Division + multiplication","✅ VERIFIED"
"Frontend - filterScenariosByThreshold()","src/lib/depth-filter.ts","Filter scenarios by depth threshold","None","N/A","N/A","N/A","For each scenario, filter impacts by depth > threshold, recalculate totalAffectedExposures","No layers","Filtered scenario list","Array filter + recalculation","✅ VERIFIED"
"Frontend - createCQLFilterForThreshold()","src/lib/depth-filter.ts","Create CQL filter for WMS","None","N/A","N/A","N/A","Build CQL: depth_bin >= '{minBin}' OR depth_bin >= '{nextMinBin}' based on threshold","No layers","CQL filter string","String interpolation with bins","✅ VERIFIED"
"Map Viewer - Layer Toggle","src/components/map/MapViewer.tsx","Toggle layer visibility","None","N/A","N/A","N/A","Updates visibleLayers state, triggers WMS layer add/remove","WMS layers from GeoServer","Layer name in legend","State update + WMS request","✅ VERIFIED"
"Map Viewer - Coordinate Display","src/components/map/MapViewer.tsx","View mouse position coordinates","None","N/A","N/A","N/A","Transform coordinates from UTM to Lat/Lon","No layers","UTM: {easting} {northing}, Lat/Lon: {lat} {lon","Proj4js transform","✅ VERIFIED"
"Map Viewer - Feature Identification","src/components/map/MapViewer.tsx","Click on map","WMS GetFeatureInfo request","REQUEST=GetFeatureInfo&VERSION=1.1.1&QUERY_LAYERS={layer}&INFO_FORMAT=application/json&X={pixel}&Y={pixel}","Feature attributes JSON","N/A","Clicked layer","Feature properties from WMS","WMS request","✅ VERIFIED"
"Layer Tree - Group Toggle","src/components/layer-tree/","Toggle layer group visibility","None","N/A","N/A","N/A","Updates visibility for all child layers","WMS layers from group","Expanded/collapsed state","Recursive toggle","✅ VERIFIED"
"Layer Tree - Layer Toggle","src/components/layer-tree/","Toggle individual layer visibility","None","N/A","N/A","N/A","Updates visibility for single layer","WMS layer from GeoServer","Layer opacity slider","State update","✅ VERIFIED"
"Layer Tree - Opacity Slider","src/components/layer-tree/","Adjust layer opacity","None","N/A","N/A","N/A","Updates layer opacity (0-1)","No layers","Opacity: {opacity}%","State update","✅ VERIFIED"
"Layer Tree - Expand/Collapse","src/components/layer-tree/","Click expand/collapse icon","None","N/A","N/A","N/A","Toggles expanded state","No layers","No stats","State update","✅ VERIFIED"
"Supporting Layers - AOI","src/config/layers.ts","Toggle AOI boundary","WMS GetMap","REQUEST=GetMap&LAYERS=boundaries:AOI","Polygon boundary","No layers","AOI boundary polygon","WMS request","✅ VERIFIED"
"Supporting Layers - Sindh Province","src/config/layers.ts","Toggle Sindh province boundary","WMS GetMap","REQUEST=GetMap&LAYERS=boundaries:sindh","Polygon boundary","No layers","Province boundary polygon","WMS request","✅ VERIFIED"
"Supporting Layers - Sub-Catchments","src/config/layers.ts","Toggle sub-catchment boundaries","WMS GetMap","REQUEST=GetMap&LAYERS=boundaries:sub_catchments","Polygon boundaries","No layers","Sub-catchment polygons","WMS request","✅ VERIFIED"
"Survey - DGPS Points","src/config/layers.ts","Toggle DGPS survey points","WMS GetMap","REQUEST=GetMap&LAYERS=survey:dgps","Point features","No layers","Survey point locations","WMS request","✅ VERIFIED"
"Structures - Canal Network","src/config/layers.ts","Toggle canal network","WMS GetMap","REQUEST=GetMap&LAYERS=structures:canal","Line features","No layers","Canal network lines","WMS request","✅ VERIFIED"
"Structures - Drains","src/config/layers.ts","Toggle drains","WMS GetMap","REQUEST=GetMap&LAYERS=structures:drains","Line features","No layers","Drain lines","WMS request","✅ VERIFIED"
"Present Climate - Flood Layers","src/config/layers.ts","Toggle present climate flood scenario","WMS GetMap","REQUEST=GetMap&LAYERS=results:t3_{rp}yrs_present_{maintenance}_{param}","Raster layer (depth/velocity/duration/vh)","Flood parameter layer (maxdepth, maxvelocity, duration, vh)","Flood extent for scenario","WMS request","✅ VERIFIED"
"Future Climate - Flood Layers","src/config/layers.ts","Toggle future climate flood scenario","WMS GetMap","REQUEST=GetMap&LAYERS=results:t3_{rp}yrs_future_{maintenance}_{param}","Raster layer (depth/velocity/duration/vh)","Flood parameter layer (maxdepth, maxvelocity, duration, vh)","Flood extent for scenario","WMS request","✅ VERIFIED"
"Flood 2022 - Actual Event","src/config/layers.ts","Toggle 2022 flood actual event","WMS GetMap","REQUEST=GetMap&LAYERS=results:flood_2022","Raster layer","No layers","2022 flood extent","WMS request","✅ VERIFIED"
"HDTM Terrain","src/config/layers.ts","Toggle HDTM terrain layer","WMS GetMap","REQUEST=GetMap&LAYERS=DEM:HDTM_1-9_1m","Raster DEM layer","No layers","Terrain elevation","WMS request","✅ VERIFIED"
"Impact Layers - All 9 Exposure Types","src/types/impact.ts","View impact layer in detail view","WMS GetMap (when toggled)","REQUEST=GetMap&LAYERS=exposures:T3_{rp}yrs_{Climate}_{Maintenance}_Impacted_{LayerType}&FILTER=depth_bin >= '{minBin}'","Vector/Point/Line/Polygon features","BHU, Buildings, Built_up_Area, Cropped_Area, Electric_Grid, Railways, Roads, Settlements, Telecom_Towers","Affected features by depth bin","WMS request with CQL filter","✅ VERIFIED"
"Legend Panel - Dynamic Legend","src/components/map/LegendPanel.tsx","View layer legend","WMS GetLegendGraphic","REQUEST=GetLegendGraphic&VERSION=1.1.1&FORMAT=image/png&LAYER={workspace}:{layer}","Legend graphic image","No layers","Legend with colored boxes","WMS request","✅ VERIFIED"
"Cache Stats Endpoint","api/impact-summary.mjs:681","View cache statistics","GET /api/cache/stats","N/A","{success: true, data: {totalEntries, validEntries, expiredEntries, ttl}}","N/A","N/A","No layers","Cache entry count","Cache stats calculation","✅ VERIFIED"
"Cache Clear Endpoint","api/impact-summary.mjs:688","Clear all cache entries","POST /api/cache/clear","N/A","{success: true, message: string, data: {entriesCleared}}","N/A","cache.clear()","No layers","No stats","Map.clear()","✅ VERIFIED"
"Cache Invalidate Endpoint","api/impact-summary.mjs:703","Invalidate specific cache entry","POST /api/cache/invalidate?climate=X&maintenance=Y&returnPeriod=Z","N/A","{success: true, message: string, data: {cacheKey, invalidated}}","N/A","cache.delete(key)","No layers","No stats","Map.delete()","✅ VERIFIED"
"Health Check Endpoint","api/impact-summary.mjs:617","Check API health","GET /api/health","N/A","{status: 'ok', pool: {totalCount, idleCount, waitingCount}}","N/A","N/A","No layers","Connection pool status","Pool property access","✅ VERIFIED"
"Depth Filter - Frontend Filtering","src/lib/depth-filter.ts","Filter scenarios by depth threshold","None","N/A","N/A","N/A","1) Filter impacts where depth > threshold, 2) Recalculate totalAffectedExposures","No layers","Filtered scenarios","Array.filter() + recalculation","✅ VERIFIED"
"Depth Filter - Bin Mapping","src/lib/depth-filter.ts","Map threshold to depth bins","None","N/A","N/A","N/A","threshold <= 0.15m = 15-100cm, 0.15-1m = 1-2m, 1-2m = 1-2m, 2-3m = 2-3m, 3-4m = 3-4m, 4-5m = 4-5m, >5m = above5m","No layers","Minimum depth bin for filtering","Conditional logic","✅ VERIFIED"
"Depth Filter - CQL Generation","src/lib/depth-filter.ts","Generate CQL filter for WMS","None","N/A","N/A","N/A","Creates OR chain: depth_bin >= '{bin}' OR depth_bin >= '{nextBin}' for all bins >= threshold","No layers","CQL filter string","String concatenation","✅ VERIFIED"
"Base Map - Google Satellite","src/components/map/","Select Google Satellite base map","Tile requests","XYZ tile URLs","Tile images","No layers","Google Satellite imagery","XYZ tile requests","✅ VERIFIED"
"Base Map - OpenStreetMap","src/components/map/","Select OpenStreetMap base map","Tile requests","XYZ tile URLs","Tile images","No layers","OSM imagery","XYZ tile requests","✅ VERIFIED"
"Base Map - Terrain","src/components/map/","Select Terrain base map","Tile requests","XYZ tile URLs","Tile images","No layers","Terrain imagery","XYZ tile requests","✅ VERIFIED"
"Swipe Compare - Left Map","src/components/swipe/","Compare two scenarios side-by-side","WMS GetMap for both left and right maps","Layers from left/right selection","Images","No layers","Two side-by-side maps","Dual WMS requests","✅ VERIFIED"
"Swipe Compare - Divider","src/components/swipe/","Drag divider to adjust comparison","None","N/A","N/A","N/A","Adjusts split percentage (0-100)","No layers","Split percentage","Mouse event handler","✅ VERIFIED"
"Swipe Compare - Layer Sync","src/components/swipe/","Synchronize pan/zoom between maps","None","N/A","N/A","N/A","Syncs view center and zoom","No layers","No stats","Event propagation","✅ VERIFIED"
"Layer Naming - 2.3yrs Workaround","Multiple files","Handle decimal in return period","N/A","N/A","N/A","N/A","Replaces 2.3 with 23 in layer names","No layers","T3_23yrs_... instead of T3_2.3yrs_...","String replacement","✅ VERIFIED"
"Geometry Type Detection","api/impact-summary.mjs:592","Determine geometry type for exposure layer","None","N/A","N/A","N/A","Point: BHU, Telecom_Towers; Line: Electric_Grid, Railways, Roads; Polygon: Buildings, Built_up_Area, Cropped_Area, Settlements","No layers","Geometry type for WMS","Conditional logic with arrays","✅ VERIFIED"
"Workspace Configuration","Multiple files","Determine GeoServer workspace","N/A","N/A","N/A","N/A","Impact layers: exposures, Flood layers: results, DEM: DEM","No layers","Workspace name","String lookup","✅ VERIFIED"
"WMS Version","Multiple files","WMS protocol version","N/A","N/A","N/A","N/A","N/A","N/A","1.1.1","Constant","✅ VERIFIED"
"Map Projection","src/components/map/MapViewer.tsx","Coordinate system","N/A","N/A","N/A","N/A","N/A","No layers","EPSG:32642 (UTM Zone 42N)","Proj4js definition","✅ VERIFIED"
"Map Extent","src/config/layers.ts","Map bounding box","N/A","N/A","N/A","N/A","N/A","No layers","Min X, Min Y, Max X, Max Y","Constant array","✅ VERIFIED"
"Map Center","src/config/layers.ts","Initial map center","N/A","N/A","N/A","N/A","N/A","No layers","Easting, Northing","Constant array","✅ VERIFIED"
"Materialized View","api/impact-summary.mjs:288","Query pre-computed statistics","SELECT FROM impact_summary_matview","N/A","Aggregated impact statistics by scenario and exposure type","Pre-aggregated with depth bin counts","No layers","42 scenarios × 9 exposure types = 378 rows","Single query","✅ VERIFIED"
"Population Stats Table","api/impact-summary.mjs:289","Join population data","LEFT JOIN impact.population_stats","N/A","Population impact by depth bin","Total population, affected population, population by depth bin","No layers","Population counts","LEFT JOIN","✅ VERIFIED"
"Exposure Types Array","src/types/impact.ts","Available exposure layers","N/A","N/A","N/A","N/A","N/A","No layers","9 types: BHU, Buildings, Built_up_Area, Cropped_Area, Electric_Grid, Railways, Roads, Settlements, Telecom_Towers","Constant array","✅ VERIFIED"
"Return Periods Array","src/types/layers.ts","Available return periods","N/A","N/A","N/A","N/A","N/A","No layers","2.3, 5, 10, 25, 50, 100, 500 years","Constant array","✅ VERIFIED"
"Maintenance Levels Array","src/types/impact.ts","Available maintenance levels","N/A","N/A","N/A","N/A","N/A","No layers","Breaches, RedCapacity, Perfect","Constant array","✅ VERIFIED"
"Color Scheme - Return Period","src/components/impact-matrix/views/SummaryHeatmapView.tsx:12","Return period color gradient","N/A","N/A","N/A","N/A","N/A","No layers","Light red (2.3yrs) to dark red (500yrs)","HSL color mapping","✅ VERIFIED"
"Color Scheme - Depth Bins","Multiple files","Depth bin colors","N/A","N/A","N/A","N/A","N/A","No layers","6 bins with 6 colors (green to red)","Color scale mapping","✅ VERIFIED"
"Opacity Default","Multiple files","Default layer opacity","N/A","N/A","N/A","N/A","N/A","No layers","0.7 for impact layers, 0.6 for flood layers","Constant","✅ VERIFIED"
"API Caching","api/impact-summary.mjs:96","Cache impact API responses","N/A","N/A","N/A","N/A","N/A","No layers","Cached responses (5-minute TTL)","In-memory Map cache","✅ VERIFIED"
"Cache Key Generation","api/impact-summary.mjs:101","Build cache key from parameters","N/A","N/A","N/A","N/A","N/A","No layers","Format: impact:{climate}:{maintenance}:{returnPeriod}","String interpolation","✅ VERIFIED"
"Cache TTL Configuration","api/impact-summary.mjs:97","Cache time-to-live","N/A","N/A","N/A","N/A","N/A","No layers","300000ms (5 minutes)","Environment variable","✅ VERIFIED"
"Connection Pool Configuration","api/impact-summary.mjs:109","Database connection pool","N/A","N/A","N/A","N/A","N/A","No layers","max: 10, min: 2, idleTimeout: 10s, connectionTimeout: 5s","Connection limits","Constant","✅ VERIFIED"
"Decimal Workaround - Backend","api/impact-summary.mjs:561","Replace 2.3 with 23 in layer names","N/A","N/A","N/A","N/A","replace('2.3', '23')","No layers","T3_23yrs_...","String replacement","✅ VERIFIED"
"Decimal Workaround - Frontend","src/types/impact.ts:253","Replace 2.3yrs with 23yrs","N/A","N/A","N/A","N/A","replace('2.3yrs', '23yrs')","No layers","T3_23yrs_...","String replacement","✅ VERIFIED"
"Severity Calculation - Low","api/impact-summary.mjs:607","Calculate low severity","N/A","N/A","N/A","N/A","affectedCount <= 2","No layers","Severity: low","Conditional logic","✅ VERIFIED"
"Severity Calculation - Medium","api/impact-summary.mjs:608","Calculate medium severity","N/A","N/A","N/A","N/A","affectedCount <= 5","No layers","Severity: medium","Conditional logic","✅ VERIFIED"
"Severity Calculation - High","api/impact-summary.mjs:609","Calculate high severity","N/A","N/A","N/A","N/A","affectedCount <= 7","No layers","Severity: high","Conditional logic","✅ VERIFIED"
"Severity Calculation - Extreme","api/impact-summary.mjs:610","Calculate extreme severity","N/A","N/A","N/A","N/A","affectedCount > 7","No layers","Severity: extreme","Conditional logic","✅ VERIFIED"
"Infrastructure Average Calculation","src/components/impact-matrix/views/DetailedBreakdownView.tsx:145","Calculate infrastructure impact %","N/A","N/A","N/A","N/A","(sum affectedFeatures) / (sum totalFeatures) * 100 for Roads, Railways, Electric_Grid, Telecom_Towers","No layers","Infrastructure Impact %","Division + multiplication","✅ VERIFIED"
"Ag/Buildings Average Calculation","src/components/impact-matrix/views/DetailedBreakdownView.tsx:157","Calculate ag/buildings impact %","N/A","N/A","N/A","N/A","(sum affectedFeatures) / (sum totalFeatures) * 100 for Cropped_Area, Buildings","No layers","Ag & Buildings Impact %","Division + multiplication","✅ VERIFIED"
"Affected Layers Count","src/components/impact-matrix/views/DetailedBreakdownView.tsx:164","Count affected exposure types","N/A","N/A","N/A","N/A","Count of impacts where affectedFeatures > 0","No layers","X of 9 exposure types affected","Array.filter().length","✅ VERIFIED"
"Average Affected Calculation","src/components/impact-matrix/views/SummaryHeatmapView.tsx:131","Calculate average affected exposures","N/A","N/A","N/A","N/A","sum(totalAffectedExposures) / totalScenarios","No layers","Average affected: X.X","Division","✅ VERIFIED"
"Extreme Scenarios Count","src/components/impact-matrix/views/SummaryHeatmapView.tsx:123","Count extreme scenarios","N/A","N/A","N/A","N/A","Count of scenarios where severity === 'extreme'","No layers","Extreme scenarios: X","Array.filter().length","✅ VERIFIED"
"High Scenarios Count","src/components/impact-matrix/views/SummaryHeatmapView.tsx:124","Count high scenarios","N/A","N/A","N/A","N/A","Count of scenarios where severity === 'high'","No layers","High scenarios: X","Array.filter().length","✅ VERIFIED"
"Total Scenarios Count","src/components/impact-matrix/views/SummaryHeatmapView.tsx:121","Count total scenarios","N/A","N/A","N/A","N/A","scenarios.length","No layers","Total scenarios: X","Array.length","✅ VERIFIED"
"With Impact Count","src/components/impact-matrix/views/SummaryHeatmapView.tsx:122","Count scenarios with any impact","N/A","N/A","N/A","N/A","Count of scenarios where totalAffectedExposures > 0","No layers","With impact: X","Array.filter().length","✅ VERIFIED"
"Layer ID Generation","src/components/impact-matrix/ImpactMatrix.tsx:193","Build layer ID for map","N/A","N/A","N/A","N/A","impact.geoserverLayer","No layers","Layer name","Property access","✅ VERIFIED"
"Layer Name Fallback","src/components/impact-matrix/views/DetailedBreakdownView.tsx:181","Fallback layer name construction","N/A","N/A","N/A","N/A","scenario.scenarioId + '_' + layerType","No layers","Layer name","String concatenation","✅ VERIFIED"
"Depth Bin Array Construction","api/impact-summary.mjs:520","Build depth bin array","N/A","N/A","N/A","N/A","Map 6 depth bins with ranges, counts, percentages","No layers","Depth bins: [{range, minDepth, maxDepth, count, percentage}]","Array construction","✅ VERIFIED"
"Depth Bin Percentage - Normal","api/impact-summary.mjs:548","Calculate depth bin % for normal layers","N/A","N/A","N/A","N/A","(bin.count / totalAffected) * 100","No layers","Percentage by bin","Division + multiplication","✅ VERIFIED"
"Depth Bin Percentage - Zonal","api/impact-summary.mjs:532","Calculate depth bin % for zonal layers","N/A","N/A","SELECT depth_bin, ST_Area(geom)/10000 as area_hectares FROM table","For Cropped_Area and Built_up_Area: use area-based distribution","No layers","Percentage by bin","Area sum + division","✅ VERIFIED"
"Population Depth Bin Percentage","api/impact-summary.mjs:577","Calculate population depth bin %","N/A","N/A","N/A","N/A","(bin.population / totalPop) * 100","No layers","Population % by bin","Division + multiplication","✅ VERIFIED"
"Scenario Matrix Organization","src/components/impact-matrix/views/SummaryHeatmapView.tsx:86","Organize scenarios by return period and maintenance","N/A","N/A","N/A","N/A","Map with key '{returnPeriod}|{maintenance}'","No layers","7x3 matrix (7 return periods × 3 maintenance)","Map construction","✅ VERIFIED"
"Scenario Lookup by Cell","src/components/impact-matrix/views/SummaryHeatmapView.tsx:98","Get scenario for matrix cell","N/A","N/A","N/A","N/A","scenarioMatrix.get('{returnPeriod}|{maintenance}')","No layers","Scenario object","Map.get()","✅ VERIFIED"
"Exposure Layer Types Array","src/types/impact.ts","Define available exposure layers","N/A","N/A","N/A","N/A","N/A","No layers","['BHU', 'Buildings', 'Built_up_Area', 'Cropped_Area', 'Electric_Grid', 'Railways', 'Roads', 'Settlements', 'Telecom_Towers']","Constant array","✅ VERIFIED"
"Return Period Intensity Mapping","src/components/impact-matrix/views/SummaryHeatmapView.tsx:12","Map return period to color intensity","N/A","N/A","N/A","N/A","N/A","No layers","HSL colors with varying lightness","Object lookup","✅ VERIFIED"
"Geometry Type Mapping","api/impact-summary.mjs:592","Map exposure type to geometry type","N/A","N/A","N/A","N/A","Check if layerType in pointLayers, lineLayers, or polygonLayers","No layers","'point' | 'line' | 'polygon'","Array.includes()","✅ VERIFIED"
"Workspace Mapping","api/impact-summary.mjs:562","Determine GeoServer workspace","N/A","N/A","N/A","N/A","N/A","exposures","Constant","✅ VERIFIED"
"Impact Layer Legend URL","src/config/layers.ts:50","Build legend graphic URL","N/A","N/A","N/A","N/A","N/A","No layers","Legend image URL","String interpolation","✅ VERIFIED"
"WMS Request URL Builder","Multiple files","Build WMS request URL","N/A","N/A","N/A","N/A","baseUrl + '/wms?REQUEST=GetMap&LAYERS={workspace}:{layer}&VERSION=1.1.1'","No layers","WMS map image","String interpolation","✅ VERIFIED"
"Depth Bin Color Scale","Multiple files","Map depth bin to color","N/A","N/A","N/A","N/A","N/A","No layers","6 colors from green (shallow) to red (deep)","Color mapping","✅ VERIFIED"
"Affected Features Calculation","api/impact-summary.mjs:518","Get affected features count","N/A","N/A","N/A","SELECT affected_features FROM impact_summary_matview","row.affected_features or geometry-based affected","No layers","Affected count","Property access or DB query","✅ VERIFIED"
"Total Features Calculation","api/impact-summary.mjs:519","Get total features count","N/A","N/A","N/A","SELECT total_features FROM impact_summary_matview or geometry-based total","totalFeatureCounts[layerType] or totalAffected","No layers","Total count","Property access or DB query","✅ VERIFIED"
"Affected Percentage Display","Multiple files","Display affected % in UI","N/A","N/A","N/A","N/A","affectedFeatures / totalFeatures * 100","No layers","X of Y (Z%)","Division + multiplication","✅ VERIFIED"
"Max Depth Bin Display","Multiple files","Display maximum depth bin","N/A","N/A","N/A","N/A","row.max_depth_bin","No layers","Max depth bin (e.g., '1-2m')","Property access","✅ VERIFIED"
"Depth Bin Count Display","Multiple files","Display count per depth bin","N/A","N/A","N/A","N/A","bin.count for each bin","No layers","Count: X (Y%)","Property access","✅ VERIFIED"
"Depth Bin Range Display","Multiple files","Display depth bin range","N/A","N/A","N/A","N/A","bin.range for each bin","No layers","Range label (e.g., '1-2m')","Property access","✅ VERIFIED"
"Layer Visibility State","Multiple files","Track layer visibility","N/A","N/A","N/A","N/A","visible: true/false","No layers","Layer is shown/hidden","Boolean state","✅ VERIFIED"
"Layer Opacity State","Multiple files","Track layer opacity","N/A","N/A","N/A","N/A","opacity: 0-1","No layers","Layer opacity (0-100%)","Number state","✅ VERIFIED"
"Layer Expanded State","Multiple files","Track layer group expanded state","N/A","N/A","N/A","N/A","expanded: true/false","No layers","Group is expanded/collapsed","Boolean state","✅ VERIFIED"
"Scenario ID Construction","api/impact-summary.mjs:470","Build scenario identifier","N/A","N/A","N/A","N/A","N/A","No layers","T3_{rp}yrs_{Climate}_{Maintenance}_Impacted","String interpolation","✅ VERIFIED"
"Cache Miss Handling","api/impact-summary.mjs:352","Handle cache miss","N/A","N/A","N/A","Execute DB query, then cache result","N/A","No layers","X-Cache: MISS header","Cache.has() check","✅ VERIFIED"
"Cache Hit Handling","api/impact-summary.mjs:353","Handle cache hit","N/A","N/A","N/A","Return cached result immediately","N/A","No layers","X-Cache: HIT header","Cache.has() check","✅ VERIFIED"
"CQL Filter Application","src/components/map/","Apply CQL filter to WMS layer","WMS GetMap with FILTER parameter","CQL filter string","N/A","No layers","Filtered features","URL parameter","✅ VERIFIED"
"Filter Scenario Impacts","src/lib/depth-filter.ts:30","Filter scenario impacts by depth","N/A","N/A","N/A","N/A","For each impact: if maxDepthBin.depthValue > threshold, keep it","No layers","Filtered impacts array","Array.filter()","✅ VERIFIED"
"Recalculate Severity After Filter","src/lib/depth-filter.ts:46","Recalculate severity after depth filtering","N/A","N/A","N/A","N/A","count of impacts with affectedFeatures > 0, then map to severity","No layers","Updated severity level","Array.filter() + count","✅ VERIFIED"
"Total Affected Exposures Recalc","src/lib/depth-filter.ts:46","Recalculate total affected exposures","N/A","N/A","N/A","N/A","Count of impacts where affectedFeatures > 0 after filtering","No layers","Updated count (0-9)","Array.filter().length","✅ VERIFIED"
"Percentage Rounding","api/impact-summary.mjs:301","Round percentage to 2 decimals","N/A","N/A","N/A","N/A","Math.round(percentage * 100) / 100","No layers","X.XX%","Math.round","✅ VERIFIED"
"Geometry Length Calculation","api/impact-summary.mjs:153","Calculate line geometry length","N/A","N/A","N/A","SELECT SUM(ST_Length(geom))","No layers","Total length in meters","PostGIS ST_Length()","✅ VERIFIED"
"Geometry Area Calculation","api/impact-summary.mjs:159","Calculate polygon geometry area","N/A","N/A","N/A","SELECT SUM(ST_Area(geom))","No layers","Total area in sq meters","PostGIS ST_Area()","✅ VERIFIED"
"Geometry Area in Hectares","api/impact-summary.mjs:276","Convert area to hectares","N/A","N/A","N/A","ST_Area(geom) / 10000.0","No layers","Area in hectares","Division","✅ VERIFIED"
"Affected Length Calculation","api/impact-summary.mjs:230","Calculate affected line length","N/A","N/A","N/A","SELECT SUM(ST_Length(geom)) WHERE depth_bin IS NOT NULL","No layers","Affected length in meters","PostGIS ST_Length() with WHERE","✅ VERIFIED"
"Affected Area Calculation","api/impact-summary.mjs:237","Calculate affected polygon area","N/A","N/A","N/A","SELECT SUM(ST_Area(geom)) WHERE depth_bin IS NOT NULL","No layers","Affected area in sq meters","PostGIS ST_Area() with WHERE","✅ VERIFIED"
"Population Impact Object","api/impact-summary.mjs:481","Build population impact object","N/A","N/A","N/A","N/A","N/A","No layers","{totalPopulation, affectedPopulation, affectedPercentage, depthBins[]}","Object construction","✅ VERIFIED"
"Population Depth Bin Object","api/impact-summary.mjs:485","Build population depth bin object","N/A","N/A","N/A","N/A","Parse population stats row","No layers","{range, population, percentage}","Object construction","✅ VERIFIED"
"Impact Object Construction","api/impact-summary.mjs:554","Build impact object","N/A","N/A","N/A","N/A","N/A","No layers","{layerType, totalFeatures, affectedFeatures, maxDepthBin, depthBins[], geoserverLayer, workspace, geometryType}","Object construction","✅ VERIFIED"
"Scenario Object Construction","api/impact-summary.mjs:473","Build scenario object","N/A","N/A","N/A","N/A","N/A","No layers","{scenarioId, climate, maintenance, returnPeriod, totalAffectedExposures, severity, impacts{}, populationImpact{}}","Object construction","✅ VERIFIED"
"Layer Info Object Construction","src/components/impact-matrix/ImpactMatrix.tsx:192","Build layer info object","N/A","N/A","N/A","N/A","N/A","Impact layer","{id, name, type, geometryType, visible, opacity, geoserverName, workspace}","Object construction","✅ VERIFIED"
"Format Climate Label","src/types/impact.ts","Format climate for display","N/A","N/A","N/A","N/A","N/A","No layers","'Present' or 'Future'","String mapping","✅ VERIFIED"
"Format Maintenance Label","src/types/impact.ts","Format maintenance for display","N/A","N/A","N/A","N/A","N/A","No layers","'Breaches', 'Reduced Capacity', or 'Perfect'","String mapping","✅ VERIFIED"
"Build Impact Schema Name","src/types/impact.ts","Build schema name for database","N/A","N/A","N/A","N/A","N/A","No layers","T3_{rp}yrs_{Climate}_{Maintenance}_Impacted","String interpolation","✅ VERIFIED"
"Parse Scenario ID","src/types/impact.ts:264","Parse scenario ID into components","N/A","N/A","N/A","N/A","N/A","No layers","{returnPeriod, climate, maintenance}","Regex parsing","✅ VERIFIED"
"Sanitize Layer Name","src/types/impact.ts:254","Sanitize layer name for GeoServer (2.3→23)","N/A","N/A","N/A","N/A","replace('2.3yrs', '23yrs')","No layers","T3_23yrs_...","String replacement","✅ VERIFIED"
"Normalize Scenario ID","src/types/impact.ts:272","Reverse sanitize scenario ID (23→2.3)","N/A","N/A","N/A","N/A","replace('23yrs', '2.3yrs')","No layers","T3_2.3yrs_...","String replacement","✅ VERIFIED"
"Build Impact Layer Name","src/types/impact.ts:244","Build GeoServer layer name","N/A","N/A","N/A","N/A","N/A","No layers","T3_{rp}yrs_{Climate}_{Maintenance}_Impacted_{layerType}","String interpolation","✅ VERIFIED"
"Exposure Layer Geometry","src/types/impact.ts","Get geometry type for exposure layer","N/A","N/A","N/A","N/A","EXPOSURE_LAYER_GEOMETRY[layerType]","No layers","'point', 'line', or 'polygon'","Object lookup","✅ VERIFIED"
"Disabled State - Refresh Button","src/components/impact-matrix/views/DetailedBreakdownView.tsx:224","Disable refresh when loading","N/A","N/A","N/A","N/A","N/A","No layers","Button disabled while loading","isLoading prop check","✅ VERIFIED"
"Disabled State - Sort Selector","src/components/impact-matrix/views/DetailedBreakdownView.tsx:88","Enable/disable sort based on data","N/A","N/A","N/A","N/A","N/A","No stats","Sort options always enabled","No condition","✅ VERIFIED"
"Disabled State - Toggle All","src/components/impact-matrix/views/DetailedBreakdownView.tsx:194","Enable/disable toggle all","N/A","N/A","N/A","N/A","Only enabled for layers with affectedFeatures > 0","No layers","Conditional rendering","✅ VERIFIED"
"Error State - API Failure","src/components/impact-matrix/hooks/useImpactData.ts:74","Handle API errors","N/A","N/A","N/A","N/A","Set error state with message","No layers","Error message displayed","try-catch with setError","✅ VERIFIED"
"Loading State - Data Fetch","src/components/impact-matrix/hooks/useImpactData.ts:49","Show loading indicator","N/A","N/A","N/A","N/A","Set isLoading to true","No layers","Spinner displayed","setIsLoading(true)","✅ VERIFIED"
"Empty State - No Scenarios","src/components/impact-matrix/views/SummaryHeatmapView.tsx:148","Show empty state message","N/A","N/A","N/A","N/A","N/A","No layers","'No scenarios available'","scenarios.length === 0 check","✅ VERIFIED"
"Hover State - Scenario Cell","src/components/impact-matrix/views/SummaryHeatmapView.tsx:80","Show hover tooltip","N/A","N/A","N/A","N/A","Set hoveredScenario state","No layers","Cell highlighting","onMouseEnter/onMouseLeave","✅ VERIFIED"
"Selected State - Scenario Cell","src/components/impact-matrix/views/SummaryHeatmapView.tsx:106","Show selected state","N/A","N/A","N/A","N/A","Check if scenarioId matches selectedScenario","No layers","Cell border","Equality check","✅ VERIFIED"
"Mobile Responsive - Sidebar","src/components/layer-tree/","Collapse sidebar on mobile","N/A","N/A","N/A","N/A","Check viewport width","No layers","Sidebar is overlay on mobile","useMediaQuery()","✅ VERIFIED"
"Mobile Responsive - Controls","src/components/map/","Adapt controls for mobile","N/A","N/A","N/A","N/A","Adjust button/panel sizes","No layers","Smaller buttons on mobile","CSS media queries","✅ VERIFIED"
"Resizable Sidebar","src/components/layer-tree/","Drag sidebar edge to resize","N/A","N/A","N/A","N/A","Update width state (200-600px range)","No layers","Sidebar width: {width}px","Mouse event handler","✅ VERIFIED"
"Copy Coordinates to Clipboard","src/components/map/","Click coordinate display","None","N/A","N/A","N/A","N/A","No layers","Coordinates copied","navigator.clipboard.writeText()","✅ VERIFIED"
"Zoom to Layer Extent","src/components/map/","Fit map to layer bounds","WMS GetFeatureInfo or layer extent","N/A","Extent coordinates","N/A","View fits layer","map.getView().fit()","✅ VERIFIED"
"Layer Reordering","src/components/layer-tree/","Drag layers to reorder","N/A","N/A","N/A","N/A","Update array order","No layers","Layer order in tree","Array reordering","✅ VERIFIED"
"Layer Grouping","src/config/layers.ts","Organize layers hierarchically","N/A","N/A","N/A","N/A","Parent-child relationships","No layers","Nested layer tree","Nested objects","✅ VERIFIED"
"WMS Parameter Encoding","Multiple files","Encode WMS parameters","N/A","N/A","N/A","N/A","encodeURIComponent()","No layers","Encoded URL parameters","URL encoding","✅ VERIFIED"
"WMS Version Header","Multiple files","Set WMS version","N/A","N/A","N/A","N/A","VERSION=1.1.1","No layers","WMS version string","Constant","✅ VERIFIED"
"WMS Format Parameter","Multiple files","Set response format","N/A","N/A","N/A","N/A","FORMAT=image/png","No layers","Image format","Constant","✅ VERIFIED"
"WMS SRS Parameter","Multiple files","Set spatial reference system","N/A","N/A","N/A","N/A","SRS=EPSG%3A32642","No layers","UTM Zone 42N","Constant","✅ VERIFIED"
"WMS BBOX Parameter","Multiple files","Set bounding box","N/A","N/A","N/A","N/A","BBOX=minX,minY,maxX,maxY","No layers","Map extent","Calculated from view","✅ VERIFIED"
"WMS WIDTH/HEIGHT","Multiple files","Set image dimensions","N/A","N/A","N/A","N/A","WIDTH={pixels}, HEIGHT={pixels}","No layers","Map size in pixels","Calculated from container","✅ VERIFIED"
"WMS EXCEPTIONS","Multiple files","Request exception format","N/A","N/A","N/A","N/A","EXCEPTIONS=application/vnd.ogc.se_xml","No layers","Exception format","Constant","✅ VERIFIED"
"WMS TRANSPARENT","Multiple files","Set transparent background","N/A","N/A","N/A","N/A","TRANSPARENT=TRUE","No layers","Transparent PNG","Constant","✅ VERIFIED"
"Layer Style Application","api/apply-style-to-new-layers.mjs","Apply style to layers","PUT /geoserver/rest/layers/{workspace}:{layer}","JSON: {layer: {defaultStyle: {name: 'impact_depth_simple', workspace: 'exposures'}}}","N/A","N/A","No layers","Style applied","HTTP PUT request","✅ VERIFIED"
"Layer Publishing","tools/geoserver/publish_schema_layers.py","Publish layer to GeoServer","POST /geoserver/rest/workspaces/{workspace}/datastores/{store}/featuretypes","JSON: {featureType: {name, nativeName, title, srs, nativeCRS, projectionPolicy, enabled}}","N/A","N/A","No layers","Layer published","HTTP POST request","✅ VERIFIED"
"Store Creation","tools/geoserver/exp_to_geoserver.py","Create data store for schema","POST /geoserver/rest/workspaces/{workspace}/datastores","JSON: {dataStore: {name, connectionParameters: {entry: [{@key: host, $: host}, {@key: schema, $: schema}]}}}","N/A","N/A","No layers","Store created","HTTP POST request","✅ VERIFIED"
"Health Check - Pool Status","api/impact-summary.mjs:619","Check connection pool health","GET /api/health","N/A","{status: 'ok', pool: {totalCount, idleCount, waitingCount}}","N/A","No layers","Connection pool status","Pool property access","✅ VERIFIED"